aardonyx,herbivorous,https://www.nhm.ac.uk/discover/dino-directory/aardonyx.html
abelisaurus,carnivorous,https://www.nhm.ac.uk/discover/dino-directory/abelisaurus.html
achelousaurus,herbivorous,https://www.nhm.ac.uk/discover/dino-directory/achelousaurus.html
achillobator,carnivorous,https://www.nhm.ac.uk/discover/dino-directory/achillobator.html
acrocanthosaurus,carnivorous,https://www.nhm.ac.uk/discover/dino-directory/acrocanthosaurus.html
aegyptosaurus,herbivorous,https://www.nhm.ac.uk/discover/dino-directory/aegyptosaurus.html
afrovenator,carnivorous,https://www.nhm.ac.uk/discover/dino-directory/afrovenator.html
agilisaurus,herbivorous,https://www.nhm.ac.uk/discover/dino-directory/agilisaurus.html
alamosaurus,herbivorous,https://www.nhm.ac.uk/discover/dino-directory/alamosaurus.html
albertaceratops,herbivorous,https://www.nhm.ac.uk/discover/dino-directory/albertaceratops.html
albertosaurus,carnivorous,https://www.nhm.ac.uk/discover/dino-directory/albertosaurus.html
alectrosaurus,carnivorous,https://www.nhm.ac.uk/discover/dino-directory/alectrosaurus.html
alioramus,carnivorous,https://www.nhm.ac.uk/discover/dino-directory/alioramus.html
allosaurus,carnivorous,https://www.nhm.ac.uk/discover/dino-directory/allosaurus.html
alvarezsaurus,carnivorous,https://www.nhm.ac.uk/discover/dino-directory/alvarezsaurus.html
amargasaurus,herbivorous,https://www.nhm.ac.uk/discover/dino-directory/amargasaurus.html
ammosaurus,herbivorous,https://www.nhm.ac.uk/discover/dino-directory/ammosaurus.html
ampelosaurus,herbivorous,https://www.nhm.ac.uk/discover/dino-directory/ampelosaurus.html
amygdalodon,herbivorous,https://www.nhm.ac.uk/discover/dino-directory/amygdalodon.html
anchiceratops,herbivorous,https://www.nhm.ac.uk/discover/dino-directory/anchiceratops.html
anchisaurus,herbivorous,https://www.nhm.ac.uk/discover/dino-directory/anchisaurus.html
ankylosaurus,herbivorous,https://www.nhm.ac.uk/discover/dino-directory/ankylosaurus.html
anserimimus,carnivorous,https://www.nhm.ac.uk/discover/dino-directory/anserimimus.html
antarctosaurus,herbivorous,https://www.nhm.ac.uk/discover/dino-directory/antarctosaurus.html
apatosaurus,herbivorous,https://www.nhm.ac.uk/discover/dino-directory/apatosaurus.html
aragosaurus,herbivorous,https://www.nhm.ac.uk/discover/dino-directory/aragosaurus.html
aralosaurus,herbivorous,https://www.nhm.ac.uk/discover/dino-directory/aralosaurus.html
archaeoceratops,herbivorous,https://www.nhm.ac.uk/discover/dino-directory/archaeoceratops.html
archaeopteryx,carnivorous,https://www.nhm.ac.uk/discover/dino-directory/archaeopteryx.html
archaeornithomimus,carnivorous,https://www.nhm.ac.uk/discover/dino-directory/archaeornithomimus.html
argentinosaurus,herbivorous,https://www.nhm.ac.uk/discover/dino-directory/argentinosaurus.html
arrhinoceratops,herbivorous,https://www.nhm.ac.uk/discover/dino-directory/arrhinoceratops.html
atlascopcosaurus,herbivorous,https://www.nhm.ac.uk/discover/dino-directory/atlascopcosaurus.html
aucasaurus,carnivorous,https://www.nhm.ac.uk/discover/dino-directory/aucasaurus.html
austrosaurus,herbivorous,https://www.nhm.ac.uk/discover/dino-directory/austrosaurus.html
avaceratops,herbivorous,https://www.nhm.ac.uk/discover/dino-directory/avaceratops.html
avimimus,omnivorous,https://www.nhm.ac.uk/discover/dino-directory/avimimus.html
bactrosaurus,herbivorous,https://www.nhm.ac.uk/discover/dino-directory/bactrosaurus.html
bagaceratops,herbivorous,https://www.nhm.ac.uk/discover/dino-directory/bagaceratops.html
bambiraptor,carnivorous,https://www.nhm.ac.uk/discover/dino-directory/bambiraptor.html
barapasaurus,herbivorous,https://www.nhm.ac.uk/discover/dino-directory/barapasaurus.html
barosaurus,herbivorous,https://www.nhm.ac.uk/discover/dino-directory/barosaurus.html
baryonyx,carnivorous,https://www.nhm.ac.uk/discover/dino-directory/baryonyx.html
becklespinax,carnivorous,https://www.nhm.ac.uk/discover/dino-directory/becklespinax.html
beipiaosaurus,omnivorous,https://www.nhm.ac.uk/discover/dino-directory/beipiaosaurus.html
bellusaurus,herbivorous,https://www.nhm.ac.uk/discover/dino-directory/bellusaurus.html
borogovia,carnivorous,https://www.nhm.ac.uk/discover/dino-directory/borogovia.html
brachiosaurus,herbivorous,https://www.nhm.ac.uk/discover/dino-directory/brachiosaurus.html
brachylophosaurus,herbivorous,https://www.nhm.ac.uk/discover/dino-directory/brachylophosaurus.html
brachytrachelopan,herbivorous,https://www.nhm.ac.uk/discover/dino-directory/brachytrachelopan.html
buitreraptor,carnivorous,https://www.nhm.ac.uk/discover/dino-directory/buitreraptor.html
camarasaurus,herbivorous,https://www.nhm.ac.uk/discover/dino-directory/camarasaurus.html
camptosaurus,herbivorous,https://www.nhm.ac.uk/discover/dino-directory/camptosaurus.html
carcharodontosaurus,carnivorous,https://www.nhm.ac.uk/discover/dino-directory/carcharodontosaurus.html
carnotaurus,carnivorous,https://www.nhm.ac.uk/discover/dino-directory/carnotaurus.html
caudipteryx,omnivorous,https://www.nhm.ac.uk/discover/dino-directory/caudipteryx.html
cedarpelta,herbivorous,https://www.nhm.ac.uk/discover/dino-directory/cedarpelta.html
centrosaurus,herbivorous,https://www.nhm.ac.uk/discover/dino-directory/centrosaurus.html
ceratosaurus,carnivorous,https://www.nhm.ac.uk/discover/dino-directory/ceratosaurus.html
cetiosauriscus,herbivorous,https://www.nhm.ac.uk/discover/dino-directory/cetiosauriscus.html
cetiosaurus,herbivorous,https://www.nhm.ac.uk/discover/dino-directory/cetiosaurus.html
chaoyangsaurus,herbivorous,https://www.nhm.ac.uk/discover/dino-directory/chaoyangsaurus.html
chasmosaurus,herbivorous,https://www.nhm.ac.uk/discover/dino-directory/chasmosaurus.html
chindesaurus,carnivorous,https://www.nhm.ac.uk/discover/dino-directory/chindesaurus.html
chinshakiangosaurus,herbivorous,https://www.nhm.ac.uk/discover/dino-directory/chinshakiangosaurus.html
chirostenotes,omnivorous,https://www.nhm.ac.uk/discover/dino-directory/chirostenotes.html
chubutisaurus,herbivorous,https://www.nhm.ac.uk/discover/dino-directory/chubutisaurus.html
chungkingosaurus,herbivorous,https://www.nhm.ac.uk/discover/dino-directory/chungkingosaurus.html
citipati,omnivorous,https://www.nhm.ac.uk/discover/dino-directory/citipati.html
coelophysis,carnivorous,https://www.nhm.ac.uk/discover/dino-directory/coelophysis.html
coelurus,carnivorous,https://www.nhm.ac.uk/discover/dino-directory/coelurus.html
coloradisaurus,omnivorous,https://www.nhm.ac.uk/discover/dino-directory/coloradisaurus.html
compsognathus,carnivorous,https://www.nhm.ac.uk/discover/dino-directory/compsognathus.html
conchoraptor,carnivorous,https://www.nhm.ac.uk/discover/dino-directory/conchoraptor.html
confuciusornis,carnivorous,https://www.nhm.ac.uk/discover/dino-directory/confuciusornis.html
corythosaurus,herbivorous,https://www.nhm.ac.uk/discover/dino-directory/corythosaurus.html
cryolophosaurus,carnivorous,https://www.nhm.ac.uk/discover/dino-directory/cryolophosaurus.html
dacentrurus,herbivorous,https://www.nhm.ac.uk/discover/dino-directory/dacentrurus.html
daspletosaurus,carnivorous,https://www.nhm.ac.uk/discover/dino-directory/daspletosaurus.html
datousaurus,herbivorous,https://www.nhm.ac.uk/discover/dino-directory/datousaurus.html
deinocheirus,omnivorous,https://www.nhm.ac.uk/discover/dino-directory/deinocheirus.html
deinonychus,carnivorous,https://www.nhm.ac.uk/discover/dino-directory/deinonychus.html
deltadromeus,carnivorous,https://www.nhm.ac.uk/discover/dino-directory/deltadromeus.html
dicraeosaurus,herbivorous,https://www.nhm.ac.uk/discover/dino-directory/dicraeosaurus.html
dilophosaurus,carnivorous,https://www.nhm.ac.uk/discover/dino-directory/dilophosaurus.html
diplodocus,herbivorous,https://www.nhm.ac.uk/discover/dino-directory/diplodocus.html
dromaeosaurus,carnivorous,https://www.nhm.ac.uk/discover/dino-directory/dromaeosaurus.html
dromiceiomimus,omnivorous,https://www.nhm.ac.uk/discover/dino-directory/dromiceiomimus.html
dryosaurus,herbivorous,https://www.nhm.ac.uk/discover/dino-directory/dryosaurus.html
dryptosaurus,carnivorous,https://www.nhm.ac.uk/discover/dino-directory/dryptosaurus.html
dubreuillosaurus,carnivorous,https://www.nhm.ac.uk/discover/dino-directory/dubreuillosaurus.html
edmontonia,herbivorous,https://www.nhm.ac.uk/discover/dino-directory/edmontonia.html
edmontosaurus,herbivorous,https://www.nhm.ac.uk/discover/dino-directory/edmontosaurus.html
einiosaurus,herbivorous,https://www.nhm.ac.uk/discover/dino-directory/einiosaurus.html
elaphrosaurus,carnivorous,https://www.nhm.ac.uk/discover/dino-directory/elaphrosaurus.html
emausaurus,herbivorous,https://www.nhm.ac.uk/discover/dino-directory/emausaurus.html
eolambia,herbivorous,https://www.nhm.ac.uk/discover/dino-directory/eolambia.html
eoraptor,carnivorous,https://www.nhm.ac.uk/discover/dino-directory/eoraptor.html
eotyrannus,carnivorous,https://www.nhm.ac.uk/discover/dino-directory/eotyrannus.html
equijubus,herbivorous,https://www.nhm.ac.uk/discover/dino-directory/equijubus.html
erketu,herbivorous,https://www.nhm.ac.uk/discover/dino-directory/erketu.html
erlikosaurus,omnivorous,https://www.nhm.ac.uk/discover/dino-directory/erlikosaurus.html
euhelopus,herbivorous,https://www.nhm.ac.uk/discover/dino-directory/euhelopus.html
euoplocephalus,herbivorous,https://www.nhm.ac.uk/discover/dino-directory/euoplocephalus.html
europasaurus,herbivorous,https://www.nhm.ac.uk/discover/dino-directory/europasaurus.html
eustreptospondylus,carnivorous,https://www.nhm.ac.uk/discover/dino-directory/eustreptospondylus.html
fukuiraptor,carnivorous,https://www.nhm.ac.uk/discover/dino-directory/fukuiraptor.html
fukuisaurus,herbivorous,https://www.nhm.ac.uk/discover/dino-directory/fukuisaurus.html
gallimimus,omnivorous,https://www.nhm.ac.uk/discover/dino-directory/gallimimus.html
gargoyleosaurus,herbivorous,https://www.nhm.ac.uk/discover/dino-directory/gargoyleosaurus.html
garudimimus,omnivorous,https://www.nhm.ac.uk/discover/dino-directory/garudimimus.html
gasosaurus,carnivorous,https://www.nhm.ac.uk/discover/dino-directory/gasosaurus.html
gasparinisaura,herbivorous,https://www.nhm.ac.uk/discover/dino-directory/gasparinisaura.html
gastonia,herbivorous,https://www.nhm.ac.uk/discover/dino-directory/gastonia.html
giganotosaurus,carnivorous,https://www.nhm.ac.uk/discover/dino-directory/giganotosaurus.html
gilmoreosaurus,herbivorous,https://www.nhm.ac.uk/discover/dino-directory/gilmoreosaurus.html
giraffatitan,herbivorous,https://www.nhm.ac.uk/discover/dino-directory/giraffatitan.html
gobisaurus,herbivorous,https://www.nhm.ac.uk/discover/dino-directory/gobisaurus.html
gorgosaurus,carnivorous,https://www.nhm.ac.uk/discover/dino-directory/gorgosaurus.html
goyocephale,herbivorous,https://www.nhm.ac.uk/discover/dino-directory/goyocephale.html
graciliceratops,herbivorous,https://www.nhm.ac.uk/discover/dino-directory/graciliceratops.html
gryposaurus,herbivorous,https://www.nhm.ac.uk/discover/dino-directory/gryposaurus.html
guaibasaurus,herbivorous,https://www.nhm.ac.uk/discover/dino-directory/guaibasaurus.html
guanlong,carnivorous,https://www.nhm.ac.uk/discover/dino-directory/guanlong.html
hadrosaurus,herbivorous,https://www.nhm.ac.uk/discover/dino-directory/hadrosaurus.html
hagryphus,omnivorous,https://www.nhm.ac.uk/discover/dino-directory/hagryphus.html
haplocanthosaurus,herbivorous,https://www.nhm.ac.uk/discover/dino-directory/haplocanthosaurus.html
harpymimus,omnivorous,https://www.nhm.ac.uk/discover/dino-directory/harpymimus.html
herrerasaurus,carnivorous,https://www.nhm.ac.uk/discover/dino-directory/herrerasaurus.html
hesperosaurus,herbivorous,https://www.nhm.ac.uk/discover/dino-directory/hesperosaurus.html
heterodontosaurus,herbivorous,https://www.nhm.ac.uk/discover/dino-directory/heterodontosaurus.html
heyuannia,omnivorous,https://www.nhm.ac.uk/discover/dino-directory/heyuannia.html
homalocephale,herbivorous,https://www.nhm.ac.uk/discover/dino-directory/homalocephale.html
huayangosaurus,herbivorous,https://www.nhm.ac.uk/discover/dino-directory/huayangosaurus.html
hylaeosaurus,herbivorous,https://www.nhm.ac.uk/discover/dino-directory/hylaeosaurus.html
hypacrosaurus,herbivorous,https://www.nhm.ac.uk/discover/dino-directory/hypacrosaurus.html
hypsilophodon,herbivorous,https://www.nhm.ac.uk/discover/dino-directory/hypsilophodon.html
iguanodon,herbivorous,https://www.nhm.ac.uk/discover/dino-directory/iguanodon.html
indosuchus,carnivorous,https://www.nhm.ac.uk/discover/dino-directory/indosuchus.html
irritator,carnivorous,https://www.nhm.ac.uk/discover/dino-directory/irritator.html
isisaurus,herbivorous,https://www.nhm.ac.uk/discover/dino-directory/isisaurus.html
janenschia,herbivorous,https://www.nhm.ac.uk/discover/dino-directory/janenschia.html
jaxartosaurus,herbivorous,https://www.nhm.ac.uk/discover/dino-directory/jaxartosaurus.html
jingshanosaurus,herbivorous,https://www.nhm.ac.uk/discover/dino-directory/jingshanosaurus.html
jinzhousaurus,herbivorous,https://www.nhm.ac.uk/discover/dino-directory/jinzhousaurus.html
jobaria,herbivorous,https://www.nhm.ac.uk/discover/dino-directory/jobaria.html
juravenator,carnivorous,https://www.nhm.ac.uk/discover/dino-directory/juravenator.html
kentrosaurus,herbivorous,https://www.nhm.ac.uk/discover/dino-directory/kentrosaurus.html
khaan,omnivorous,https://www.nhm.ac.uk/discover/dino-directory/khaan.html
kotasaurus,herbivorous,https://www.nhm.ac.uk/discover/dino-directory/kotasaurus.html
kritosaurus,herbivorous,https://www.nhm.ac.uk/discover/dino-directory/kritosaurus.html
lambeosaurus,herbivorous,https://www.nhm.ac.uk/discover/dino-directory/lambeosaurus.html
lapparentosaurus,herbivorous,https://www.nhm.ac.uk/discover/dino-directory/lapparentosaurus.html
leaellynasaura,herbivorous,https://www.nhm.ac.uk/discover/dino-directory/leaellynasaura.html
leptoceratops,herbivorous,https://www.nhm.ac.uk/discover/dino-directory/leptoceratops.html
lesothosaurus,herbivorous,https://www.nhm.ac.uk/discover/dino-directory/lesothosaurus.html
liaoceratops,herbivorous,https://www.nhm.ac.uk/discover/dino-directory/liaoceratops.html
ligabuesaurus,herbivorous,https://www.nhm.ac.uk/discover/dino-directory/ligabuesaurus.html
liliensternus,carnivorous,https://www.nhm.ac.uk/discover/dino-directory/liliensternus.html
lophorhothon,herbivorous,https://www.nhm.ac.uk/discover/dino-directory/lophorhothon.html
lophostropheus,carnivorous,https://www.nhm.ac.uk/discover/dino-directory/lophostropheus.html
lufengosaurus,herbivorous,https://www.nhm.ac.uk/discover/dino-directory/lufengosaurus.html
lurdusaurus,herbivorous,https://www.nhm.ac.uk/discover/dino-directory/lurdusaurus.html
lycorhinus,herbivorous,https://www.nhm.ac.uk/discover/dino-directory/lycorhinus.html
magyarosaurus,herbivorous,https://www.nhm.ac.uk/discover/dino-directory/magyarosaurus.html
maiasaura,herbivorous,https://www.nhm.ac.uk/discover/dino-directory/maiasaura.html
majungasaurus,carnivorous,https://www.nhm.ac.uk/discover/dino-directory/majungasaurus.html
malawisaurus,herbivorous,https://www.nhm.ac.uk/discover/dino-directory/malawisaurus.html
mamenchisaurus,herbivorous,https://www.nhm.ac.uk/discover/dino-directory/mamenchisaurus.html
mapusaurus,carnivorous,https://www.nhm.ac.uk/discover/dino-directory/mapusaurus.html
marshosaurus,carnivorous,https://www.nhm.ac.uk/discover/dino-directory/marshosaurus.html
masiakasaurus,carnivorous,https://www.nhm.ac.uk/discover/dino-directory/masiakasaurus.html
massospondylus,omnivorous,https://www.nhm.ac.uk/discover/dino-directory/massospondylus.html
maxakalisaurus,herbivorous,https://www.nhm.ac.uk/discover/dino-directory/maxakalisaurus.html
megalosaurus,carnivorous,https://www.nhm.ac.uk/discover/dino-directory/megalosaurus.html
melanorosaurus,omnivorous,https://www.nhm.ac.uk/discover/dino-directory/melanorosaurus.html
metriacanthosaurus,carnivorous,https://www.nhm.ac.uk/discover/dino-directory/metriacanthosaurus.html
microceratus,herbivorous,https://www.nhm.ac.uk/discover/dino-directory/microceratus.html
micropachycephalosaurus,herbivorous,https://www.nhm.ac.uk/discover/dino-directory/micropachycephalosaurus.html
microraptor,carnivorous,https://www.nhm.ac.uk/discover/dino-directory/microraptor.html
minmi,herbivorous,https://www.nhm.ac.uk/discover/dino-directory/minmi.html
monolophosaurus,carnivorous,https://www.nhm.ac.uk/discover/dino-directory/monolophosaurus.html
mononykus,unknown,https://www.nhm.ac.uk/discover/dino-directory/mononykus.html
mussaurus,herbivorous,https://www.nhm.ac.uk/discover/dino-directory/mussaurus.html
muttaburrasaurus,herbivorous,https://www.nhm.ac.uk/discover/dino-directory/muttaburrasaurus.html
nanshiungosaurus,omnivorous,https://www.nhm.ac.uk/discover/dino-directory/nanshiungosaurus.html
nedoceratops,herbivorous,https://www.nhm.ac.uk/discover/dino-directory/nedoceratops.html
nemegtosaurus,herbivorous,https://www.nhm.ac.uk/discover/dino-directory/nemegtosaurus.html
neovenator,carnivorous,https://www.nhm.ac.uk/discover/dino-directory/neovenator.html
neuquenosaurus,herbivorous,https://www.nhm.ac.uk/discover/dino-directory/neuquenosaurus.html
nigersaurus,herbivorous,https://www.nhm.ac.uk/discover/dino-directory/nigersaurus.html
nipponosaurus,herbivorous,https://www.nhm.ac.uk/discover/dino-directory/nipponosaurus.html
noasaurus,carnivorous,https://www.nhm.ac.uk/discover/dino-directory/noasaurus.html
nodosaurus,herbivorous,https://www.nhm.ac.uk/discover/dino-directory/nodosaurus.html
nomingia,omnivorous,https://www.nhm.ac.uk/discover/dino-directory/nomingia.html
nothronychus,omnivorous,https://www.nhm.ac.uk/discover/dino-directory/nothronychus.html
nqwebasaurus,carnivorous,https://www.nhm.ac.uk/discover/dino-directory/nqwebasaurus.html
omeisaurus,herbivorous,https://www.nhm.ac.uk/discover/dino-directory/omeisaurus.html
opisthocoelicaudia,herbivorous,https://www.nhm.ac.uk/discover/dino-directory/opisthocoelicaudia.html
ornitholestes,carnivorous,https://www.nhm.ac.uk/discover/dino-directory/ornitholestes.html
ornithomimus,omnivorous,https://www.nhm.ac.uk/discover/dino-directory/ornithomimus.html
orodromeus,herbivorous,https://www.nhm.ac.uk/discover/dino-directory/orodromeus.html
oryctodromeus,herbivorous,https://www.nhm.ac.uk/discover/dino-directory/oryctodromeus.html
othnielia,herbivorous,https://www.nhm.ac.uk/discover/dino-directory/othnielia.html
ouranosaurus,herbivorous,https://www.nhm.ac.uk/discover/dino-directory/ouranosaurus.html
oviraptor,omnivorous,https://www.nhm.ac.uk/discover/dino-directory/oviraptor.html
pachycephalosaurus,herbivorous,https://www.nhm.ac.uk/discover/dino-directory/pachycephalosaurus.html
pachyrhinosaurus,herbivorous,https://www.nhm.ac.uk/discover/dino-directory/pachyrhinosaurus.html
panoplosaurus,herbivorous,https://www.nhm.ac.uk/discover/dino-directory/panoplosaurus.html
pantydraco,herbivorous,https://www.nhm.ac.uk/discover/dino-directory/pantydraco.html
paralititan,herbivorous,https://www.nhm.ac.uk/discover/dino-directory/paralititan.html
parasaurolophus,herbivorous,https://www.nhm.ac.uk/discover/dino-directory/parasaurolophus.html
parksosaurus,herbivorous,https://www.nhm.ac.uk/discover/dino-directory/parksosaurus.html
patagosaurus,herbivorous,https://www.nhm.ac.uk/discover/dino-directory/patagosaurus.html
pelicanimimus,carnivorous,https://www.nhm.ac.uk/discover/dino-directory/pelicanimimus.html
pelorosaurus,herbivorous,https://www.nhm.ac.uk/discover/dino-directory/pelorosaurus.html
pentaceratops,herbivorous,https://www.nhm.ac.uk/discover/dino-directory/pentaceratops.html
piatnitzkysaurus,carnivorous,https://www.nhm.ac.uk/discover/dino-directory/piatnitzkysaurus.html
pinacosaurus,herbivorous,https://www.nhm.ac.uk/discover/dino-directory/pinacosaurus.html
plateosaurus,herbivorous,https://www.nhm.ac.uk/discover/dino-directory/plateosaurus.html
podokesaurus,carnivorous,https://www.nhm.ac.uk/discover/dino-directory/podokesaurus.html
poekilopleuron,carnivorous,https://www.nhm.ac.uk/discover/dino-directory/poekilopleuron.html
polacanthus,herbivorous,https://www.nhm.ac.uk/discover/dino-directory/polacanthus.html
prenocephale,herbivorous,https://www.nhm.ac.uk/discover/dino-directory/prenocephale.html
probactrosaurus,herbivorous,https://www.nhm.ac.uk/discover/dino-directory/probactrosaurus.html
proceratosaurus,carnivorous,https://www.nhm.ac.uk/discover/dino-directory/proceratosaurus.html
procompsognathus,carnivorous,https://www.nhm.ac.uk/discover/dino-directory/procompsognathus.html
prosaurolophus,herbivorous,https://www.nhm.ac.uk/discover/dino-directory/prosaurolophus.html
protarchaeopteryx,carnivorous,https://www.nhm.ac.uk/discover/dino-directory/protarchaeopteryx.html
protoceratops,herbivorous,https://www.nhm.ac.uk/discover/dino-directory/protoceratops.html
protohadros,herbivorous,https://www.nhm.ac.uk/discover/dino-directory/protohadros.html
psittacosaurus,herbivorous,https://www.nhm.ac.uk/discover/dino-directory/psittacosaurus.html
quaesitosaurus,herbivorous,https://www.nhm.ac.uk/discover/dino-directory/quaesitosaurus.html
rebbachisaurus,herbivorous,https://www.nhm.ac.uk/discover/dino-directory/rebbachisaurus.html
rhabdodon,herbivorous,https://www.nhm.ac.uk/discover/dino-directory/rhabdodon.html
rhoetosaurus,herbivorous,https://www.nhm.ac.uk/discover/dino-directory/rhoetosaurus.html
rinchenia,omnivorous,https://www.nhm.ac.uk/discover/dino-directory/rinchenia.html
riojasaurus,herbivorous/omnivorous,https://www.nhm.ac.uk/discover/dino-directory/riojasaurus.html
rugops,carnivorous,https://www.nhm.ac.uk/discover/dino-directory/rugops.html
saichania,herbivorous,https://www.nhm.ac.uk/discover/dino-directory/saichania.html
saltasaurus,herbivorous,https://www.nhm.ac.uk/discover/dino-directory/saltasaurus.html
saltopus,carnivorous,https://www.nhm.ac.uk/discover/dino-directory/saltopus.html
sarcosaurus,carnivorous,https://www.nhm.ac.uk/discover/dino-directory/sarcosaurus.html
saurolophus,herbivorous,https://www.nhm.ac.uk/discover/dino-directory/saurolophus.html
sauropelta,herbivorous,https://www.nhm.ac.uk/discover/dino-directory/sauropelta.html
saurophaganax,carnivorous,https://www.nhm.ac.uk/discover/dino-directory/saurophaganax.html
saurornithoides,carnivorous,https://www.nhm.ac.uk/discover/dino-directory/saurornithoides.html
scelidosaurus,herbivorous,https://www.nhm.ac.uk/discover/dino-directory/scelidosaurus.html
scutellosaurus,herbivorous,https://www.nhm.ac.uk/discover/dino-directory/scutellosaurus.html
secernosaurus,herbivorous,https://www.nhm.ac.uk/discover/dino-directory/secernosaurus.html
segisaurus,carnivorous,https://www.nhm.ac.uk/discover/dino-directory/segisaurus.html
segnosaurus,carnivorous,https://www.nhm.ac.uk/discover/dino-directory/segnosaurus.html
shamosaurus,herbivorous,https://www.nhm.ac.uk/discover/dino-directory/shamosaurus.html
shanag,carnivorous,https://www.nhm.ac.uk/discover/dino-directory/shanag.html
shantungosaurus,herbivorous,https://www.nhm.ac.uk/discover/dino-directory/shantungosaurus.html
shunosaurus,herbivorous,https://www.nhm.ac.uk/discover/dino-directory/shunosaurus.html
shuvuuia,omnivorous,https://www.nhm.ac.uk/discover/dino-directory/shuvuuia.html
silvisaurus,herbivorous,https://www.nhm.ac.uk/discover/dino-directory/silvisaurus.html
sinocalliopteryx,carnivorous,https://www.nhm.ac.uk/discover/dino-directory/sinocalliopteryx.html
sinornithosaurus,carnivorous,https://www.nhm.ac.uk/discover/dino-directory/sinornithosaurus.html
sinosauropteryx,carnivorous,https://www.nhm.ac.uk/discover/dino-directory/sinosauropteryx.html
sinovenator,carnivorous,https://www.nhm.ac.uk/discover/dino-directory/sinovenator.html
sinraptor,carnivorous,https://www.nhm.ac.uk/discover/dino-directory/sinraptor.html
sonidosaurus,herbivorous,https://www.nhm.ac.uk/discover/dino-directory/sonidosaurus.html
spinosaurus,carnivorous,https://www.nhm.ac.uk/discover/dino-directory/spinosaurus.html
staurikosaurus,carnivorous,https://www.nhm.ac.uk/discover/dino-directory/staurikosaurus.html
stegoceras,herbivorous,https://www.nhm.ac.uk/discover/dino-directory/stegoceras.html
stegosaurus,herbivorous,https://www.nhm.ac.uk/discover/dino-directory/stegosaurus.html
stenopelix,herbivorous,https://www.nhm.ac.uk/discover/dino-directory/stenopelix.html
struthiomimus,omnivorous,https://www.nhm.ac.uk/discover/dino-directory/struthiomimus.html
struthiosaurus,herbivorous,https://www.nhm.ac.uk/discover/dino-directory/struthiosaurus.html
styracosaurus,herbivorous,https://www.nhm.ac.uk/discover/dino-directory/styracosaurus.html
suchomimus,carnivorous,https://www.nhm.ac.uk/discover/dino-directory/suchomimus.html
supersaurus,herbivorous,https://www.nhm.ac.uk/discover/dino-directory/supersaurus.html
talarurus,herbivorous,https://www.nhm.ac.uk/discover/dino-directory/talarurus.html
tanius,herbivorous,https://www.nhm.ac.uk/discover/dino-directory/tanius.html
tarbosaurus,carnivorous,https://www.nhm.ac.uk/discover/dino-directory/tarbosaurus.html
tarchia,herbivorous,https://www.nhm.ac.uk/discover/dino-directory/tarchia.html
telmatosaurus,herbivorous,https://www.nhm.ac.uk/discover/dino-directory/telmatosaurus.html
tenontosaurus,herbivorous,https://www.nhm.ac.uk/discover/dino-directory/tenontosaurus.html
thecodontosaurus,omnivorous,https://www.nhm.ac.uk/discover/dino-directory/thecodontosaurus.html
therizinosaurus,unknown,https://www.nhm.ac.uk/discover/dino-directory/therizinosaurus.html
thescelosaurus,herbivorous,https://www.nhm.ac.uk/discover/dino-directory/thescelosaurus.html
torosaurus,herbivorous,https://www.nhm.ac.uk/discover/dino-directory/torosaurus.html
torvosaurus,carnivorous,https://www.nhm.ac.uk/discover/dino-directory/torvosaurus.html
triceratops,herbivorous,https://www.nhm.ac.uk/discover/dino-directory/triceratops.html
troodon,carnivorous,https://www.nhm.ac.uk/discover/dino-directory/troodon.html
tsagantegia,herbivorous,https://www.nhm.ac.uk/discover/dino-directory/tsagantegia.html
tsintaosaurus,herbivorous,https://www.nhm.ac.uk/discover/dino-directory/tsintaosaurus.html
tuojiangosaurus,herbivorous,https://www.nhm.ac.uk/discover/dino-directory/tuojiangosaurus.html
tylocephale,herbivorous,https://www.nhm.ac.uk/discover/dino-directory/tylocephale.html
tyrannosaurus,carnivorous,https://www.nhm.ac.uk/discover/dino-directory/tyrannosaurus.html
udanoceratops,herbivorous,https://www.nhm.ac.uk/discover/dino-directory/udanoceratops.html
unenlagia,carnivorous,https://www.nhm.ac.uk/discover/dino-directory/unenlagia.html
urbacodon,carnivorous,https://www.nhm.ac.uk/discover/dino-directory/urbacodon.html
utahraptor,carnivorous,https://www.nhm.ac.uk/discover/dino-directory/utahraptor.html
valdosaurus,herbivorous,https://www.nhm.ac.uk/discover/dino-directory/valdosaurus.html
velociraptor,carnivorous,https://www.nhm.ac.uk/discover/dino-directory/velociraptor.html
vulcanodon,herbivorous,https://www.nhm.ac.uk/discover/dino-directory/vulcanodon.html
yandusaurus,herbivorous,https://www.nhm.ac.uk/discover/dino-directory/yandusaurus.html
yangchuanosaurus,carnivorous,https://www.nhm.ac.uk/discover/dino-directory/yangchuanosaurus.html
yimenosaurus,herbivorous,https://www.nhm.ac.uk/discover/dino-directory/yimenosaurus.html
yingshanosaurus,herbivorous,https://www.nhm.ac.uk/discover/dino-directory/yingshanosaurus.html
yinlong,herbivorous,https://www.nhm.ac.uk/discover/dino-directory/yinlong.html
yuanmousaurus,herbivorous,https://www.nhm.ac.uk/discover/dino-directory/yuanmousaurus.html
yunnanosaurus,omnivorous,https://www.nhm.ac.uk/discover/dino-directory/yunnanosaurus.html
zalmoxes,herbivorous,https://www.nhm.ac.uk/discover/dino-directory/zalmoxes.html
zephyrosaurus,herbivorous,https://www.nhm.ac.uk/discover/dino-directory/zephyrosaurus.html
zuniceratops,herbivorous,https://www.nhm.ac.uk/discover/dino-directory/zuniceratops.html